LemonEntry,partOfSpeech,writtenForm,SyntacticFrame,copulativeSubject,attributiveArg,sense,reference,owl:onProperty,owl:hasValue,domain,range,QALD
australian,adjective,australian,AdjectiveAttributiveFrame,PredSynArg,AttrSynArg,1,owl:Restriction,dbo:country,res:Australia,dbo:Film,dbo:Film,Qald9-training
belgian,adjective,belgian,AdjectiveAttributiveFrame,PredSynArg,AttrSynArg,1,owl:Restriction,dbo:country,res:Belgium,dbo:Film,dbo:Film,Qald9-training
greek,adjective,greek,AdjectiveAttributiveFrame,PredSynArg,AttrSynArg,1,owl:Restriction,dbo:country,res:Greece,dbo:Film,dbo:Film,Qald9-training
danish,adjective,danish,AdjectiveAttributiveFrame,PredSynArg,AttrSynArg,1,owl:Restriction,dbo:country,res:Denmark,dbo:Film,dbo:Film,Qald9-training
algerian,adjective,algerian,AdjectiveAttributiveFrame,PredSynArg,AttrSynArg,1,owl:Restriction,dbo:country,res:Algeria,dbo:Film,dbo:Film,Qald9-training
andorran,adjective,andorran,AdjectiveAttributiveFrame,PredSynArg,AttrSynArg,1,owl:Restriction,dbo:country,res:Andorra,dbo:Film,dbo:Film,Qald9-training
aruban,adjective,aruban,AdjectiveAttributiveFrame,PredSynArg,AttrSynArg,1,owl:Restriction,dbo:country,res:Aruba,dbo:Film,dbo:Film,Qald9-training
angolan,adjective,angolan,AdjectiveAttributiveFrame,PredSynArg,AttrSynArg,1,owl:Restriction,dbo:country,res:Angola,dbo:Film,dbo:Film,Qald9-training
albanian,adjective,albanian,AdjectiveAttributiveFrame,PredSynArg,AttrSynArg,1,owl:Restriction,dbo:country,res:Albania,dbo:Film,dbo:Film,Qald9-training
afghan,adjective,afghan,AdjectiveAttributiveFrame,PredSynArg,AttrSynArg,1,owl:Restriction,dbo:country,res:Afghanistan,dbo:Film,dbo:Film,Qald9-training
azerbaijani,adjective,azerbaijani,AdjectiveAttributiveFrame,PredSynArg,AttrSynArg,1,owl:Restriction,dbo:country,res:Azerbaijan,dbo:Film,dbo:Film,Qald9-training
brazilian,adjective,brazilian,AdjectiveAttributiveFrame,PredSynArg,AttrSynArg,1,owl:Restriction,dbo:country,res:Brazil,dbo:Film,dbo:Film,Qald9-training
bulgarian,adjective,bulgarian,AdjectiveAttributiveFrame,PredSynArg,AttrSynArg,1,owl:Restriction,dbo:country,res:Bulgaria,dbo:Film,dbo:Film,Qald9-training
bahamian,adjective,bahamian,AdjectiveAttributiveFrame,PredSynArg,AttrSynArg,1,owl:Restriction,dbo:country,res:The_Bahamas,dbo:Film,dbo:Film,Qald9-training
barbadian,adjective,barbadian,AdjectiveAttributiveFrame,PredSynArg,AttrSynArg,1,owl:Restriction,dbo:country,res:Barbados,dbo:Film,dbo:Film,Qald9-training
bengali,adjective,bengali,AdjectiveAttributiveFrame,PredSynArg,AttrSynArg,1,owl:Restriction,dbo:country,res:Bangladesh,dbo:Film,dbo:Film,Qald9-training
belarusian,adjective,belarusian,AdjectiveAttributiveFrame,PredSynArg,AttrSynArg,1,owl:Restriction,dbo:country,res:Belarus,dbo:Film,dbo:Film,Qald9-training
belizean,adjective,belizean,AdjectiveAttributiveFrame,PredSynArg,AttrSynArg,1,owl:Restriction,dbo:country,res:Belize,dbo:Film,dbo:Film,Qald9-training
benin,adjective,benin,AdjectiveAttributiveFrame,PredSynArg,AttrSynArg,1,owl:Restriction,dbo:country,res:Benin,dbo:Film,dbo:Film,Qald9-training
botswana,adjective,botswana,AdjectiveAttributiveFrame,PredSynArg,AttrSynArg,1,owl:Restriction,dbo:country,res:Botswana,dbo:Film,dbo:Film,Qald9-training
bermudian,adjective,bermudian,AdjectiveAttributiveFrame,PredSynArg,AttrSynArg,1,owl:Restriction,dbo:country,res:Bermuda,dbo:Film,dbo:Film,Qald9-training
bolivian,adjective,bolivian,AdjectiveAttributiveFrame,PredSynArg,AttrSynArg,1,owl:Restriction,dbo:country,res:Bolivia,dbo:Film,dbo:Film,Qald9-training
colombian,adjective,colombian,AdjectiveAttributiveFrame,PredSynArg,AttrSynArg,1,owl:Restriction,dbo:country,res:Colombia,dbo:Film,dbo:Film,Qald9-training
czech,adjective,czech,AdjectiveAttributiveFrame,PredSynArg,AttrSynArg,1,owl:Restriction,dbo:country,res:Czech_Republic,dbo:Film,dbo:Film,Qald9-training
female,adjective,female,AdjectiveAttributiveFrame,PredSynArg,AttrSynArg,1,owl:Restriction,dbo:gender,res:Female,dbo:Economist,dbo:Person,Qald9-training
methodist,adjective,methodist,AdjectiveAttributiveFrame,PredSynArg,AttrSynArg,1,owl:Restriction,dbo:religion,res:Methodism,dbo:Economist,dbo:Person,Qald9-training
swiss,adjective,swiss,AdjectiveAttributiveFrame,PredSynArg,AttrSynArg,1,owl:Restriction,dbo:country,res:Switzerland,dbo:Economist,dbo:Person,Qald9-training
german_1,adjective,german,AdjectiveAttributiveFrame,PredSynArg,AttrSynArg,1,owl:Restriction,dbo:nationality ,res:Germany,dbo:Economist,dbo:Person,Qald9-training
german_2,adjective,german,AdjectiveAttributiveFrame,PredSynArg,AttrSynArg,1,owl:Restriction,dbo:country,res:Germany,dbo:Economist,dbo:Person,Qald9-training
American_1,adjective,american,AdjectiveAttributiveFrame,PredSynArg,AttrSynArg,1,owl:Restriction,dbo:country,res:America,dbo:Economist,dbo:Person,Qald9-test
American_2,adjective,american,AdjectiveAttributiveFrame,PredSynArg,AttrSynArg,1,owl:Restriction,dbo:nationality ,res:America,dbo:Economist,dbo:Person,Qald9-test
Dutch,adjective,dutch,AdjectiveAttributiveFrame,PredSynArg,AttrSynArg,1,owl:Restriction,dbo:nationality ,res:America,dbo:Economist,dbo:Person,Qald9-test
Argentine,adjective,Argentine,AdjectiveAttributiveFrame,PredSynArg,AttrSynArg,1,owl:Restriction,dbo:nationality ,res:Argentina ,dbo:Economist,dbo:Person,Qald9-test
Argentine,adjective,Argentine,AdjectiveAttributiveFrame,PredSynArg,AttrSynArg,1,owl:Restriction,dbo:nationality ,res:Argentina ,dbo:Economist,dbo:Person,Qald9-test
English_1,adjective,English,AdjectiveAttributiveFrame,PredSynArg,AttrSynArg,1,owl:Restriction,dbo:nationality ,res:United_Kingdom,dbo:Economist,dbo:Person,Qald9-test
English_2,adjective,English,AdjectiveAttributiveFrame,PredSynArg,AttrSynArg,1,owl:Restriction,dbo:country,res:United_Kingdom,dbo:Economist,dbo:Person,Qald9-test
extinct,adjective,extinct ,AdjectiveAttributiveFrame,PredSynArg,AttrSynArg,1,owl:Restriction,dbo:conservationStatus,"""EX""",dbo:Economist,dbo:Person,Qald9-test
critically endangered animals,adjective,critically endangered animals,AdjectiveAttributiveFrame,PredSynArg,AttrSynArg,1,owl:Restriction,dct:subject,dbc:Critically_endangered_animals,dbo:Economist,dbo:Person,Qald9-test
critically endangered,adjective,critically endangered,AdjectiveAttributiveFrame,PredSynArg,AttrSynArg,1,owl:Restriction,dbo:conservationStatus,"""CR""",dbo:Animal,xsd:string,Qald9-test
vegan,adjective,vegan,AdjectiveAttributiveFrame,PredSynArg,AttrSynArg,1,owl:Restriction,rdf:type,yago:WikicatAmericanVegans,dbo:Economist,dbo:Person,Qald9-test
british,adjective,british,AdjectiveAttributiveFrame,PredSynArg,AttrSynArg,1,owl:Restriction,rdf:type,yago:WikicatAmericanVegans,dbo:Economist,dbo:Person,Qald9-test
gold,adjective,gold,AdjectiveAttributiveFrame,PredSynArg,AttrSynArg,1,owl:Restriction,dbp:mineral,res:Gold,dbo:Economist,dbo:Person,Qald9-test
australian_1,adjective,australian,AdjectiveAttributiveFrame,PredSynArg,AttrSynArg,1,owl:Restriction,dbo:country,res:Australia,dbo:Film,dbo:Film,other
australian_2,adjective,australian,AdjectiveAttributiveFrame,PredSynArg,AttrSynArg,2,owl:Restriction,dbo:nationality,res:Australia,dbo:Actor,dbo:Actor,other
belgian,adjective,belgian,AdjectiveAttributiveFrame,PredSynArg,AttrSynArg,1,owl:Restriction,dbo:country,res:Belgium,dbo:Film,dbo:Film,other
greek,adjective,greek,AdjectiveAttributiveFrame,PredSynArg,AttrSynArg,1,owl:Restriction,dbo:country,res:Greece,dbo:Film,dbo:Film,other
danish,adjective,danish,AdjectiveAttributiveFrame,PredSynArg,AttrSynArg,1,owl:Restriction,dbo:country,res:Denmark,dbo:Film,dbo:Film,other
algerian,adjective,algerian,AdjectiveAttributiveFrame,PredSynArg,AttrSynArg,1,owl:Restriction,dbo:country,res:Algeria,dbo:Film,dbo:Film,other
andorran,adjective,andorran,AdjectiveAttributiveFrame,PredSynArg,AttrSynArg,1,owl:Restriction,dbo:country,res:Andorra,dbo:Film,dbo:Film,other
aruban,adjective,aruban,AdjectiveAttributiveFrame,PredSynArg,AttrSynArg,1,owl:Restriction,dbo:country,res:Aruba,dbo:Film,dbo:Film,other
angolan,adjective,angolan,AdjectiveAttributiveFrame,PredSynArg,AttrSynArg,1,owl:Restriction,dbo:country,res:Angola,dbo:Film,dbo:Film,other
albanian,adjective,albanian,AdjectiveAttributiveFrame,PredSynArg,AttrSynArg,1,owl:Restriction,dbo:country,res:Albania,dbo:Film,dbo:Film,other
afghan,adjective,afghan,AdjectiveAttributiveFrame,PredSynArg,AttrSynArg,1,owl:Restriction,dbo:country,res:Afghanistan,dbo:Film,dbo:Film,other
azerbaijani,adjective,azerbaijani,AdjectiveAttributiveFrame,PredSynArg,AttrSynArg,1,owl:Restriction,dbo:country,res:Azerbaijan,dbo:Film,dbo:Film,other
brazilian,adjective,brazilian,AdjectiveAttributiveFrame,PredSynArg,AttrSynArg,1,owl:Restriction,dbo:country,res:Brazil,dbo:Film,dbo:Film,other
bulgarian,adjective,bulgarian,AdjectiveAttributiveFrame,PredSynArg,AttrSynArg,1,owl:Restriction,dbo:country,res:Bulgaria,dbo:Film,dbo:Film,other
bahamian,adjective,bahamian,AdjectiveAttributiveFrame,PredSynArg,AttrSynArg,1,owl:Restriction,dbo:country,res:The_Bahamas,dbo:Film,dbo:Film,other
barbadian,adjective,barbadian,AdjectiveAttributiveFrame,PredSynArg,AttrSynArg,1,owl:Restriction,dbo:country,res:Barbados,dbo:Film,dbo:Film,other
bengali,adjective,bengali,AdjectiveAttributiveFrame,PredSynArg,AttrSynArg,1,owl:Restriction,dbo:country,res:Bangladesh,dbo:Film,dbo:Film,other
belarusian,adjective,belarusian,AdjectiveAttributiveFrame,PredSynArg,AttrSynArg,1,owl:Restriction,dbo:country,res:Belarus,dbo:Film,dbo:Film,other
belizean,adjective,belizean,AdjectiveAttributiveFrame,PredSynArg,AttrSynArg,1,owl:Restriction,dbo:country,res:Belize,dbo:Film,dbo:Film,other
benin,adjective,benin,AdjectiveAttributiveFrame,PredSynArg,AttrSynArg,1,owl:Restriction,dbo:country,res:Benin,dbo:Film,dbo:Film,other
botswana,adjective,botswana,AdjectiveAttributiveFrame,PredSynArg,AttrSynArg,1,owl:Restriction,dbo:country,res:Botswana,dbo:Film,dbo:Film,other
bermudian,adjective,bermudian,AdjectiveAttributiveFrame,PredSynArg,AttrSynArg,1,owl:Restriction,dbo:country,res:Bermuda,dbo:Film,dbo:Film,other
bolivian,adjective,bolivian,AdjectiveAttributiveFrame,PredSynArg,AttrSynArg,1,owl:Restriction,dbo:country,res:Bolivia,dbo:Film,dbo:Film,other
colombian,adjective,colombian,AdjectiveAttributiveFrame,PredSynArg,AttrSynArg,1,owl:Restriction,dbo:country,res:Colombia,dbo:Film,dbo:Film,other
czech,adjective,czech,AdjectiveAttributiveFrame,PredSynArg,AttrSynArg,1,owl:Restriction,dbo:country,res:Czech_Republic,dbo:Film,dbo:Film,other
female,adjective,female,AdjectiveAttributiveFrame,PredSynArg,AttrSynArg,1,owl:Restriction,dbo:gender,res:Female,dbo:Economist,dbo:Person,other
methodist,adjective,methodist,AdjectiveAttributiveFrame,PredSynArg,AttrSynArg,1,owl:Restriction,dbo:religion,res:Methodism,dbo:Economist,dbo:Person,other
British_1,adjective,British,AdjectiveAttributiveFrame,PredSynArg,AttrSynArg,1,owl:Restriction,dbo:country,res:United_Kingdom,dbo:Film,dbo:Film,other
British_2,adjective,British,AdjectiveAttributiveFrame,PredSynArg,AttrSynArg,1,owl:Restriction,dbo:nationality,res:United_Kingdom,dbo:Film,dbo:Film,other
American_3,adjective,American,AdjectiveAttributiveFrame,PredSynArg,AttrSynArg,1,owl:Restriction,dbo:country,res:United_States,dbo:Film,dbo:Film,other
American_4,adjective,American,AdjectiveAttributiveFrame,PredSynArg,AttrSynArg,1,owl:Restriction,dbo:nationality,res:United_States,dbo:Film,dbo:Film,other
Afghan_5,adjective,Afghan,AdjectiveAttributiveFrame,PredSynArg,AttrSynArg,1,owl:Restriction,dbo:country,res:Afghanistan,dbo:Film,dbo:Film,other
Afghan_6,adjective,Afghan,AdjectiveAttributiveFrame,PredSynArg,AttrSynArg,1,owl:Restriction,dbo:nationality,res:Afghanistan,dbo:Film,dbo:Film,other
Albanian_7,adjective,Albanian,AdjectiveAttributiveFrame,PredSynArg,AttrSynArg,1,owl:Restriction,dbo:country,res:Albania,dbo:Film,dbo:Film,other
Albanian_8,adjective,Albanian,AdjectiveAttributiveFrame,PredSynArg,AttrSynArg,1,owl:Restriction,dbo:nationality,res:Albania,dbo:Film,dbo:Film,other
Algerian_9,adjective,Algerian,AdjectiveAttributiveFrame,PredSynArg,AttrSynArg,1,owl:Restriction,dbo:country,res:Algeria,dbo:Film,dbo:Film,other
Algerian_10,adjective,Algerian,AdjectiveAttributiveFrame,PredSynArg,AttrSynArg,1,owl:Restriction,dbo:nationality,res:Algeria,dbo:Film,dbo:Film,other
Argentine_11,adjective,Argentine,AdjectiveAttributiveFrame,PredSynArg,AttrSynArg,1,owl:Restriction,dbo:country,res:Argentina,dbo:Film,dbo:Film,other
Argentine_12,adjective,Argentine,AdjectiveAttributiveFrame,PredSynArg,AttrSynArg,1,owl:Restriction,dbo:nationality,res:Argentina,dbo:Film,dbo:Film,other
Australian_15,adjective,Australian,AdjectiveAttributiveFrame,PredSynArg,AttrSynArg,1,owl:Restriction,dbo:country,res:Australia,dbo:Film,dbo:Film,other
Australian_16,adjective,Australian,AdjectiveAttributiveFrame,PredSynArg,AttrSynArg,1,owl:Restriction,dbo:nationality,res:Australia,dbo:Film,dbo:Film,other
Austrian_17,adjective,Austrian,AdjectiveAttributiveFrame,PredSynArg,AttrSynArg,1,owl:Restriction,dbo:country,res:Austria,dbo:Film,dbo:Film,other
Austrian_18,adjective,Austrian,AdjectiveAttributiveFrame,PredSynArg,AttrSynArg,1,owl:Restriction,dbo:nationality,res:Austria,dbo:Film,dbo:Film,other
Bangladeshi_19,adjective,Bangladeshi,AdjectiveAttributiveFrame,PredSynArg,AttrSynArg,1,owl:Restriction,dbo:country,res:Bangladesh,dbo:Film,dbo:Film,other
Bangladeshi_20,adjective,Bangladeshi,AdjectiveAttributiveFrame,PredSynArg,AttrSynArg,1,owl:Restriction,dbo:nationality,res:Bangladesh,dbo:Film,dbo:Film,other
Belgian_21,adjective,Belgian,AdjectiveAttributiveFrame,PredSynArg,AttrSynArg,1,owl:Restriction,dbo:country,res:Belgium,dbo:Film,dbo:Film,other
Belgian_22,adjective,Belgian,AdjectiveAttributiveFrame,PredSynArg,AttrSynArg,1,owl:Restriction,dbo:nationality,res:Belgium,dbo:Film,dbo:Film,other
Bolivian_23,adjective,Bolivian,AdjectiveAttributiveFrame,PredSynArg,AttrSynArg,1,owl:Restriction,dbo:country,res:Bolivia,dbo:Film,dbo:Film,other
Bolivian_24,adjective,Bolivian,AdjectiveAttributiveFrame,PredSynArg,AttrSynArg,1,owl:Restriction,dbo:nationality,res:Bolivia,dbo:Film,dbo:Film,other
Batswana_25,adjective,Batswana,AdjectiveAttributiveFrame,PredSynArg,AttrSynArg,1,owl:Restriction,dbo:country,res:Botswana,dbo:Film,dbo:Film,other
Batswana_26,adjective,Batswana,AdjectiveAttributiveFrame,PredSynArg,AttrSynArg,1,owl:Restriction,dbo:nationality,res:Botswana,dbo:Film,dbo:Film,other
Brazilian_27,adjective,Brazilian,AdjectiveAttributiveFrame,PredSynArg,AttrSynArg,1,owl:Restriction,dbo:country,res:Brazil,dbo:Film,dbo:Film,other
Brazilian_28,adjective,Brazilian,AdjectiveAttributiveFrame,PredSynArg,AttrSynArg,1,owl:Restriction,dbo:nationality,res:Brazil,dbo:Film,dbo:Film,other
Bulgarian_29,adjective,Bulgarian,AdjectiveAttributiveFrame,PredSynArg,AttrSynArg,1,owl:Restriction,dbo:country,res:Bulgaria,dbo:Film,dbo:Film,other
Bulgarian_30,adjective,Bulgarian,AdjectiveAttributiveFrame,PredSynArg,AttrSynArg,1,owl:Restriction,dbo:nationality,res:Bulgaria,dbo:Film,dbo:Film,other
Cambodian_31,adjective,Cambodian,AdjectiveAttributiveFrame,PredSynArg,AttrSynArg,1,owl:Restriction,dbo:country,res:Cambodia,dbo:Film,dbo:Film,other
Cambodian_32,adjective,Cambodian,AdjectiveAttributiveFrame,PredSynArg,AttrSynArg,1,owl:Restriction,dbo:nationality,res:Cambodia,dbo:Film,dbo:Film,other
Cameroonian_33,adjective,Cameroonian,AdjectiveAttributiveFrame,PredSynArg,AttrSynArg,1,owl:Restriction,dbo:country,res:Cameroon,dbo:Film,dbo:Film,other
Cameroonian_34,adjective,Cameroonian,AdjectiveAttributiveFrame,PredSynArg,AttrSynArg,1,owl:Restriction,dbo:nationality,res:Cameroon,dbo:Film,dbo:Film,other
Canadian_35,adjective,Canadian,AdjectiveAttributiveFrame,PredSynArg,AttrSynArg,1,owl:Restriction,dbo:country,res:Canada,dbo:Film,dbo:Film,other
Canadian_36,adjective,Canadian,AdjectiveAttributiveFrame,PredSynArg,AttrSynArg,1,owl:Restriction,dbo:nationality,res:Canada,dbo:Film,dbo:Film,other
Chilean_37,adjective,Chilean,AdjectiveAttributiveFrame,PredSynArg,AttrSynArg,1,owl:Restriction,dbo:country,res:Chile,dbo:Film,dbo:Film,other
Chilean_38,adjective,Chilean,AdjectiveAttributiveFrame,PredSynArg,AttrSynArg,1,owl:Restriction,dbo:nationality,res:Chile,dbo:Film,dbo:Film,other
Chinese_39,adjective,Chinese,AdjectiveAttributiveFrame,PredSynArg,AttrSynArg,1,owl:Restriction,dbo:country,res:China,dbo:Film,dbo:Film,other
Chinese_40,adjective,Chinese,AdjectiveAttributiveFrame,PredSynArg,AttrSynArg,1,owl:Restriction,dbo:nationality,res:China,dbo:Film,dbo:Film,other
Colombian_41,adjective,Colombian,AdjectiveAttributiveFrame,PredSynArg,AttrSynArg,1,owl:Restriction,dbo:country,res:Colombia,dbo:Film,dbo:Film,other
Colombian_42,adjective,Colombian,AdjectiveAttributiveFrame,PredSynArg,AttrSynArg,1,owl:Restriction,dbo:nationality,res:Colombia,dbo:Film,dbo:Film,other
Costa-Rican_43,adjective,Costa Rican,AdjectiveAttributiveFrame,PredSynArg,AttrSynArg,1,owl:Restriction,dbo:country,res:Costa_Rica,dbo:Film,dbo:Film,other
Costa-Rican_44,adjective,Costa Rican,AdjectiveAttributiveFrame,PredSynArg,AttrSynArg,1,owl:Restriction,dbo:nationality,res:Costa_Rica,dbo:Film,dbo:Film,other
Croatian_45,adjective,Croatian,AdjectiveAttributiveFrame,PredSynArg,AttrSynArg,1,owl:Restriction,dbo:country,res:Croatia,dbo:Film,dbo:Film,other
Croatian_46,adjective,Croatian,AdjectiveAttributiveFrame,PredSynArg,AttrSynArg,1,owl:Restriction,dbo:nationality,res:Croatia,dbo:Film,dbo:Film,other
Cuban_47,adjective,Cuban,AdjectiveAttributiveFrame,PredSynArg,AttrSynArg,1,owl:Restriction,dbo:country,res:Cuba,dbo:Film,dbo:Film,other
Cuban_48,adjective,Cuban,AdjectiveAttributiveFrame,PredSynArg,AttrSynArg,1,owl:Restriction,dbo:nationality,res:Cuba,dbo:Film,dbo:Film,other
Czech_49,adjective,Czech,AdjectiveAttributiveFrame,PredSynArg,AttrSynArg,1,owl:Restriction,dbo:country,res:Czech_Republic,dbo:Film,dbo:Film,other
Czech_50,adjective,Czech,AdjectiveAttributiveFrame,PredSynArg,AttrSynArg,1,owl:Restriction,dbo:nationality,res:Czech_Republic,dbo:Film,dbo:Film,other
Danish_51,adjective,Danish,AdjectiveAttributiveFrame,PredSynArg,AttrSynArg,1,owl:Restriction,dbo:country,res:Denmark,dbo:Film,dbo:Film,other
Danish_52,adjective,Danish,AdjectiveAttributiveFrame,PredSynArg,AttrSynArg,1,owl:Restriction,dbo:nationality,res:Denmark,dbo:Film,dbo:Film,other
Dominican_53,adjective,Dominican,AdjectiveAttributiveFrame,PredSynArg,AttrSynArg,1,owl:Restriction,dbo:country,res:Dominican_Republic,dbo:Film,dbo:Film,other
Dominican_54,adjective,Dominican,AdjectiveAttributiveFrame,PredSynArg,AttrSynArg,1,owl:Restriction,dbo:nationality,res:Dominican_Republic,dbo:Film,dbo:Film,other
Ecuadorian_55,adjective,Ecuadorian,AdjectiveAttributiveFrame,PredSynArg,AttrSynArg,1,owl:Restriction,dbo:country,res:Ecuador,dbo:Film,dbo:Film,other
Ecuadorian_56,adjective,Ecuadorian,AdjectiveAttributiveFrame,PredSynArg,AttrSynArg,1,owl:Restriction,dbo:nationality,res:Ecuador,dbo:Film,dbo:Film,other
Egyptian_57,adjective,Egyptian,AdjectiveAttributiveFrame,PredSynArg,AttrSynArg,1,owl:Restriction,dbo:country,res:Egypt,dbo:Film,dbo:Film,other
Egyptian_58,adjective,Egyptian,AdjectiveAttributiveFrame,PredSynArg,AttrSynArg,1,owl:Restriction,dbo:nationality,res:Egypt,dbo:Film,dbo:Film,other
Salvadorian_59,adjective,Salvadorian,AdjectiveAttributiveFrame,PredSynArg,AttrSynArg,1,owl:Restriction,dbo:country,res:El_Salvador,dbo:Film,dbo:Film,other
Salvadorian_60,adjective,Salvadorian,AdjectiveAttributiveFrame,PredSynArg,AttrSynArg,1,owl:Restriction,dbo:nationality,res:El_Salvador,dbo:Film,dbo:Film,other
English_61,adjective,English,AdjectiveAttributiveFrame,PredSynArg,AttrSynArg,1,owl:Restriction,dbo:country,res:England,dbo:Film,dbo:Film,other
English_62,adjective,English,AdjectiveAttributiveFrame,PredSynArg,AttrSynArg,1,owl:Restriction,dbo:nationality,res:England,dbo:Film,dbo:Film,other
Estonian_63,adjective,Estonian,AdjectiveAttributiveFrame,PredSynArg,AttrSynArg,1,owl:Restriction,dbo:country,res:Estonia,dbo:Film,dbo:Film,other
Estonian_64,adjective,Estonian,AdjectiveAttributiveFrame,PredSynArg,AttrSynArg,1,owl:Restriction,dbo:nationality,res:Estonia,dbo:Film,dbo:Film,other
Ethiopian_65,adjective,Ethiopian,AdjectiveAttributiveFrame,PredSynArg,AttrSynArg,1,owl:Restriction,dbo:country,res:Ethiopia,dbo:Film,dbo:Film,other
Ethiopian_66,adjective,Ethiopian,AdjectiveAttributiveFrame,PredSynArg,AttrSynArg,1,owl:Restriction,dbo:nationality,res:Ethiopia,dbo:Film,dbo:Film,other
Fijian_67,adjective,Fijian,AdjectiveAttributiveFrame,PredSynArg,AttrSynArg,1,owl:Restriction,dbo:country,res:Fiji,dbo:Film,dbo:Film,other
Fijian_68,adjective,Fijian,AdjectiveAttributiveFrame,PredSynArg,AttrSynArg,1,owl:Restriction,dbo:nationality,res:Fiji,dbo:Film,dbo:Film,other
Finnish_69,adjective,Finnish,AdjectiveAttributiveFrame,PredSynArg,AttrSynArg,1,owl:Restriction,dbo:country,res:Finland,dbo:Film,dbo:Film,other
Finnish_70,adjective,Finnish,AdjectiveAttributiveFrame,PredSynArg,AttrSynArg,1,owl:Restriction,dbo:nationality,res:Finland,dbo:Film,dbo:Film,other
French_71,adjective,French,AdjectiveAttributiveFrame,PredSynArg,AttrSynArg,1,owl:Restriction,dbo:country,res:France,dbo:Film,dbo:Film,other
French_72,adjective,French,AdjectiveAttributiveFrame,PredSynArg,AttrSynArg,1,owl:Restriction,dbo:nationality,res:France,dbo:Film,dbo:Film,other
German_73,adjective,German,AdjectiveAttributiveFrame,PredSynArg,AttrSynArg,1,owl:Restriction,dbo:country,res:Germany,dbo:Film,dbo:Film,other
German_74,adjective,German,AdjectiveAttributiveFrame,PredSynArg,AttrSynArg,1,owl:Restriction,dbo:nationality,res:Germany,dbo:Film,dbo:Film,other
Ghanaian_75,adjective,Ghanaian,AdjectiveAttributiveFrame,PredSynArg,AttrSynArg,1,owl:Restriction,dbo:country,res:Ghana,dbo:Film,dbo:Film,other
Ghanaian_76,adjective,Ghanaian,AdjectiveAttributiveFrame,PredSynArg,AttrSynArg,1,owl:Restriction,dbo:nationality,res:Ghana,dbo:Film,dbo:Film,other
Greek_77,adjective,Greek,AdjectiveAttributiveFrame,PredSynArg,AttrSynArg,1,owl:Restriction,dbo:country,res:Greece,dbo:Film,dbo:Film,other
Greek_78,adjective,Greek,AdjectiveAttributiveFrame,PredSynArg,AttrSynArg,1,owl:Restriction,dbo:nationality,res:Greece,dbo:Film,dbo:Film,other
Guatemalan_79,adjective,Guatemalan,AdjectiveAttributiveFrame,PredSynArg,AttrSynArg,1,owl:Restriction,dbo:country,res:Guatemala,dbo:Film,dbo:Film,other
Guatemalan_80,adjective,Guatemalan,AdjectiveAttributiveFrame,PredSynArg,AttrSynArg,1,owl:Restriction,dbo:nationality,res:Guatemala,dbo:Film,dbo:Film,other
Haitian_81,adjective,Haitian,AdjectiveAttributiveFrame,PredSynArg,AttrSynArg,1,owl:Restriction,dbo:country,res:Haiti,dbo:Film,dbo:Film,other
Haitian_82,adjective,Haitian,AdjectiveAttributiveFrame,PredSynArg,AttrSynArg,1,owl:Restriction,dbo:nationality,res:Haiti,dbo:Film,dbo:Film,other
Honduran_83,adjective,Honduran,AdjectiveAttributiveFrame,PredSynArg,AttrSynArg,1,owl:Restriction,dbo:country,res:Honduras,dbo:Film,dbo:Film,other
Honduran_84,adjective,Honduran,AdjectiveAttributiveFrame,PredSynArg,AttrSynArg,1,owl:Restriction,dbo:nationality,res:Honduras,dbo:Film,dbo:Film,other
Hungarian_85,adjective,Hungarian,AdjectiveAttributiveFrame,PredSynArg,AttrSynArg,1,owl:Restriction,dbo:country,res:Hungary,dbo:Film,dbo:Film,other
Hungarian_86,adjective,Hungarian,AdjectiveAttributiveFrame,PredSynArg,AttrSynArg,1,owl:Restriction,dbo:nationality,res:Hungary,dbo:Film,dbo:Film,other
Icelandic_87,adjective,Icelandic,AdjectiveAttributiveFrame,PredSynArg,AttrSynArg,1,owl:Restriction,dbo:country,res:Iceland,dbo:Film,dbo:Film,other
Icelandic_88,adjective,Icelandic,AdjectiveAttributiveFrame,PredSynArg,AttrSynArg,1,owl:Restriction,dbo:nationality,res:Iceland,dbo:Film,dbo:Film,other
Indian_89,adjective,Indian,AdjectiveAttributiveFrame,PredSynArg,AttrSynArg,1,owl:Restriction,dbo:country,res:India,dbo:Film,dbo:Film,other
Indian_90,adjective,Indian,AdjectiveAttributiveFrame,PredSynArg,AttrSynArg,1,owl:Restriction,dbo:nationality,res:India,dbo:Film,dbo:Film,other
Indonesian_91,adjective,Indonesian,AdjectiveAttributiveFrame,PredSynArg,AttrSynArg,1,owl:Restriction,dbo:country,res:Indonesia,dbo:Film,dbo:Film,other
Indonesian_92,adjective,Indonesian,AdjectiveAttributiveFrame,PredSynArg,AttrSynArg,1,owl:Restriction,dbo:nationality,res:Indonesia,dbo:Film,dbo:Film,other
Iranian_93,adjective,Iranian,AdjectiveAttributiveFrame,PredSynArg,AttrSynArg,1,owl:Restriction,dbo:country,res:Iran,dbo:Film,dbo:Film,other
Iranian_94,adjective,Iranian,AdjectiveAttributiveFrame,PredSynArg,AttrSynArg,1,owl:Restriction,dbo:nationality,res:Iran,dbo:Film,dbo:Film,other
Iraqi_95,adjective,Iraqi,AdjectiveAttributiveFrame,PredSynArg,AttrSynArg,1,owl:Restriction,dbo:country,res:Iraq,dbo:Film,dbo:Film,other
Iraqi_96,adjective,Iraqi,AdjectiveAttributiveFrame,PredSynArg,AttrSynArg,1,owl:Restriction,dbo:nationality,res:Iraq,dbo:Film,dbo:Film,other
Irish_97,adjective,Irish,AdjectiveAttributiveFrame,PredSynArg,AttrSynArg,1,owl:Restriction,dbo:country,res:Ireland,dbo:Film,dbo:Film,other
Irish_98,adjective,Irish,AdjectiveAttributiveFrame,PredSynArg,AttrSynArg,1,owl:Restriction,dbo:nationality,res:Ireland,dbo:Film,dbo:Film,other
Israeli_99,adjective,Israeli,AdjectiveAttributiveFrame,PredSynArg,AttrSynArg,1,owl:Restriction,dbo:country,res:Israel,dbo:Film,dbo:Film,other
Israeli_100,adjective,Israeli,AdjectiveAttributiveFrame,PredSynArg,AttrSynArg,1,owl:Restriction,dbo:nationality,res:Israel,dbo:Film,dbo:Film,other
Italian_101,adjective,Italian,AdjectiveAttributiveFrame,PredSynArg,AttrSynArg,1,owl:Restriction,dbo:country,res:Italy,dbo:Film,dbo:Film,other
Italian_102,adjective,Italian,AdjectiveAttributiveFrame,PredSynArg,AttrSynArg,1,owl:Restriction,dbo:nationality,res:Italy,dbo:Film,dbo:Film,other
Jamaican_103,adjective,Jamaican,AdjectiveAttributiveFrame,PredSynArg,AttrSynArg,1,owl:Restriction,dbo:country,res:Jamaica,dbo:Film,dbo:Film,other
Jamaican_104,adjective,Jamaican,AdjectiveAttributiveFrame,PredSynArg,AttrSynArg,1,owl:Restriction,dbo:nationality,res:Jamaica,dbo:Film,dbo:Film,other
Japanese_105,adjective,Japanese,AdjectiveAttributiveFrame,PredSynArg,AttrSynArg,1,owl:Restriction,dbo:country,res:Japan,dbo:Film,dbo:Film,other
Japanese_106,adjective,Japanese,AdjectiveAttributiveFrame,PredSynArg,AttrSynArg,1,owl:Restriction,dbo:nationality,res:Japan,dbo:Film,dbo:Film,other
Jordanian_107,adjective,Jordanian,AdjectiveAttributiveFrame,PredSynArg,AttrSynArg,1,owl:Restriction,dbo:country,res:Jordan,dbo:Film,dbo:Film,other
Jordanian_108,adjective,Jordanian,AdjectiveAttributiveFrame,PredSynArg,AttrSynArg,1,owl:Restriction,dbo:nationality,res:Jordan,dbo:Film,dbo:Film,other
Kenyan_109,adjective,Kenyan,AdjectiveAttributiveFrame,PredSynArg,AttrSynArg,1,owl:Restriction,dbo:country,res:Kenya,dbo:Film,dbo:Film,other
Kenyan_110,adjective,Kenyan,AdjectiveAttributiveFrame,PredSynArg,AttrSynArg,1,owl:Restriction,dbo:nationality,res:Kenya,dbo:Film,dbo:Film,other
Kuwaiti_111,adjective,Kuwaiti,AdjectiveAttributiveFrame,PredSynArg,AttrSynArg,1,owl:Restriction,dbo:country,res:Kuwait,dbo:Film,dbo:Film,other
Kuwaiti_112,adjective,Kuwaiti,AdjectiveAttributiveFrame,PredSynArg,AttrSynArg,1,owl:Restriction,dbo:nationality,res:Kuwait,dbo:Film,dbo:Film,other
Lao_113,adjective,Lao,AdjectiveAttributiveFrame,PredSynArg,AttrSynArg,1,owl:Restriction,dbo:country,res:Laos,dbo:Film,dbo:Film,other
Lao_114,adjective,Lao,AdjectiveAttributiveFrame,PredSynArg,AttrSynArg,1,owl:Restriction,dbo:nationality,res:Laos,dbo:Film,dbo:Film,other
Latvian_115,adjective,Latvian,AdjectiveAttributiveFrame,PredSynArg,AttrSynArg,1,owl:Restriction,dbo:country,res:Latvia,dbo:Film,dbo:Film,other
Latvian_116,adjective,Latvian,AdjectiveAttributiveFrame,PredSynArg,AttrSynArg,1,owl:Restriction,dbo:nationality,res:Latvia,dbo:Film,dbo:Film,other
Lebanese_117,adjective,Lebanese,AdjectiveAttributiveFrame,PredSynArg,AttrSynArg,1,owl:Restriction,dbo:country,res:Lebanon,dbo:Film,dbo:Film,other
Lebanese_118,adjective,Lebanese,AdjectiveAttributiveFrame,PredSynArg,AttrSynArg,1,owl:Restriction,dbo:nationality,res:Lebanon,dbo:Film,dbo:Film,other
Libyan_119,adjective,Libyan,AdjectiveAttributiveFrame,PredSynArg,AttrSynArg,1,owl:Restriction,dbo:country,res:Libya,dbo:Film,dbo:Film,other
Libyan_120,adjective,Libyan,AdjectiveAttributiveFrame,PredSynArg,AttrSynArg,1,owl:Restriction,dbo:nationality,res:Libya,dbo:Film,dbo:Film,other
Lithuanian_121,adjective,Lithuanian,AdjectiveAttributiveFrame,PredSynArg,AttrSynArg,1,owl:Restriction,dbo:country,res:Lithuania,dbo:Film,dbo:Film,other
Lithuanian_122,adjective,Lithuanian,AdjectiveAttributiveFrame,PredSynArg,AttrSynArg,1,owl:Restriction,dbo:nationality,res:Lithuania,dbo:Film,dbo:Film,other
Malagasy_123,adjective,Malagasy,AdjectiveAttributiveFrame,PredSynArg,AttrSynArg,1,owl:Restriction,dbo:country,res:Madagascar,dbo:Film,dbo:Film,other
Malagasy_124,adjective,Malagasy,AdjectiveAttributiveFrame,PredSynArg,AttrSynArg,1,owl:Restriction,dbo:nationality,res:Madagascar,dbo:Film,dbo:Film,other
Malaysian_125,adjective,Malaysian,AdjectiveAttributiveFrame,PredSynArg,AttrSynArg,1,owl:Restriction,dbo:country,res:Malaysia,dbo:Film,dbo:Film,other
Malaysian_126,adjective,Malaysian,AdjectiveAttributiveFrame,PredSynArg,AttrSynArg,1,owl:Restriction,dbo:nationality,res:Malaysia,dbo:Film,dbo:Film,other
Malian_127,adjective,Malian,AdjectiveAttributiveFrame,PredSynArg,AttrSynArg,1,owl:Restriction,dbo:country,res:Mali,dbo:Film,dbo:Film,other
Malian_128,adjective,Malian,AdjectiveAttributiveFrame,PredSynArg,AttrSynArg,1,owl:Restriction,dbo:nationality,res:Mali,dbo:Film,dbo:Film,other
Maltese_129,adjective,Maltese,AdjectiveAttributiveFrame,PredSynArg,AttrSynArg,1,owl:Restriction,dbo:country,res:Malta,dbo:Film,dbo:Film,other
Maltese_130,adjective,Maltese,AdjectiveAttributiveFrame,PredSynArg,AttrSynArg,1,owl:Restriction,dbo:nationality,res:Malta,dbo:Film,dbo:Film,other
Mexican_131,adjective,Mexican,AdjectiveAttributiveFrame,PredSynArg,AttrSynArg,1,owl:Restriction,dbo:country,res:Mexico,dbo:Film,dbo:Film,other
Mexican_132,adjective,Mexican,AdjectiveAttributiveFrame,PredSynArg,AttrSynArg,1,owl:Restriction,dbo:nationality,res:Mexico,dbo:Film,dbo:Film,other
Mongolian_133,adjective,Mongolian,AdjectiveAttributiveFrame,PredSynArg,AttrSynArg,1,owl:Restriction,dbo:country,res:Mongolia,dbo:Film,dbo:Film,other
Mongolian_134,adjective,Mongolian,AdjectiveAttributiveFrame,PredSynArg,AttrSynArg,1,owl:Restriction,dbo:nationality,res:Mongolia,dbo:Film,dbo:Film,other
Moroccan_135,adjective,Moroccan,AdjectiveAttributiveFrame,PredSynArg,AttrSynArg,1,owl:Restriction,dbo:country,res:Morocco,dbo:Film,dbo:Film,other
Moroccan_136,adjective,Moroccan,AdjectiveAttributiveFrame,PredSynArg,AttrSynArg,1,owl:Restriction,dbo:nationality,res:Morocco,dbo:Film,dbo:Film,other
Mozambican_137,adjective,Mozambican,AdjectiveAttributiveFrame,PredSynArg,AttrSynArg,1,owl:Restriction,dbo:country,res:Mozambique,dbo:Film,dbo:Film,other
Mozambican_138,adjective,Mozambican,AdjectiveAttributiveFrame,PredSynArg,AttrSynArg,1,owl:Restriction,dbo:nationality,res:Mozambique,dbo:Film,dbo:Film,other
Namibian_139,adjective,Namibian,AdjectiveAttributiveFrame,PredSynArg,AttrSynArg,1,owl:Restriction,dbo:country,res:Namibia,dbo:Film,dbo:Film,other
Namibian_140,adjective,Namibian,AdjectiveAttributiveFrame,PredSynArg,AttrSynArg,1,owl:Restriction,dbo:nationality,res:Namibia,dbo:Film,dbo:Film,other
Nepalese_141,adjective,Nepalese,AdjectiveAttributiveFrame,PredSynArg,AttrSynArg,1,owl:Restriction,dbo:country,res:Nepal,dbo:Film,dbo:Film,other
Nepalese_142,adjective,Nepalese,AdjectiveAttributiveFrame,PredSynArg,AttrSynArg,1,owl:Restriction,dbo:nationality,res:Nepal,dbo:Film,dbo:Film,other
Dutch_143,adjective,Dutch,AdjectiveAttributiveFrame,PredSynArg,AttrSynArg,1,owl:Restriction,dbo:country,res:Netherlands,dbo:Film,dbo:Film,other
Dutch_144,adjective,Dutch,AdjectiveAttributiveFrame,PredSynArg,AttrSynArg,1,owl:Restriction,dbo:nationality,res:Netherlands,dbo:Film,dbo:Film,other
New-Zealand_145,adjective,New Zealand,AdjectiveAttributiveFrame,PredSynArg,AttrSynArg,1,owl:Restriction,dbo:country,res:New_Zealand,dbo:Film,dbo:Film,other
New-Zealand_146,adjective,New Zealand,AdjectiveAttributiveFrame,PredSynArg,AttrSynArg,1,owl:Restriction,dbo:nationality,res:New_Zealand,dbo:Film,dbo:Film,other
Nicaraguan_147,adjective,Nicaraguan,AdjectiveAttributiveFrame,PredSynArg,AttrSynArg,1,owl:Restriction,dbo:country,res:Nicaragua,dbo:Film,dbo:Film,other
Nicaraguan_148,adjective,Nicaraguan,AdjectiveAttributiveFrame,PredSynArg,AttrSynArg,1,owl:Restriction,dbo:nationality,res:Nicaragua,dbo:Film,dbo:Film,other
Nigerian_149,adjective,Nigerian,AdjectiveAttributiveFrame,PredSynArg,AttrSynArg,1,owl:Restriction,dbo:country,res:Nigeria,dbo:Film,dbo:Film,other
Nigerian_150,adjective,Nigerian,AdjectiveAttributiveFrame,PredSynArg,AttrSynArg,1,owl:Restriction,dbo:nationality,res:Nigeria,dbo:Film,dbo:Film,other
Norwegian_151,adjective,Norwegian,AdjectiveAttributiveFrame,PredSynArg,AttrSynArg,1,owl:Restriction,dbo:country,res:Norway,dbo:Film,dbo:Film,other
Norwegian_152,adjective,Norwegian,AdjectiveAttributiveFrame,PredSynArg,AttrSynArg,1,owl:Restriction,dbo:nationality,res:Norway,dbo:Film,dbo:Film,other
Pakistani_153,adjective,Pakistani,AdjectiveAttributiveFrame,PredSynArg,AttrSynArg,1,owl:Restriction,dbo:country,res:Pakistan,dbo:Film,dbo:Film,other
Pakistani_154,adjective,Pakistani,AdjectiveAttributiveFrame,PredSynArg,AttrSynArg,1,owl:Restriction,dbo:nationality,res:Pakistan,dbo:Film,dbo:Film,other
Panamanian_155,adjective,Panamanian,AdjectiveAttributiveFrame,PredSynArg,AttrSynArg,1,owl:Restriction,dbo:country,res:Panama,dbo:Film,dbo:Film,other
Panamanian_156,adjective,Panamanian,AdjectiveAttributiveFrame,PredSynArg,AttrSynArg,1,owl:Restriction,dbo:nationality,res:Panama,dbo:Film,dbo:Film,other
Paraguayan_157,adjective,Paraguayan,AdjectiveAttributiveFrame,PredSynArg,AttrSynArg,1,owl:Restriction,dbo:country,res:Paraguay,dbo:Film,dbo:Film,other
Paraguayan_158,adjective,Paraguayan,AdjectiveAttributiveFrame,PredSynArg,AttrSynArg,1,owl:Restriction,dbo:nationality,res:Paraguay,dbo:Film,dbo:Film,other
Peruvian_159,adjective,Peruvian,AdjectiveAttributiveFrame,PredSynArg,AttrSynArg,1,owl:Restriction,dbo:country,res:Peru,dbo:Film,dbo:Film,other
Peruvian_160,adjective,Peruvian,AdjectiveAttributiveFrame,PredSynArg,AttrSynArg,1,owl:Restriction,dbo:nationality,res:Peru,dbo:Film,dbo:Film,other
Philippine_161,adjective,Philippine,AdjectiveAttributiveFrame,PredSynArg,AttrSynArg,1,owl:Restriction,dbo:country,res:Philippines,dbo:Film,dbo:Film,other
Philippine_162,adjective,Philippine,AdjectiveAttributiveFrame,PredSynArg,AttrSynArg,1,owl:Restriction,dbo:nationality,res:Philippines,dbo:Film,dbo:Film,other
Polish_163,adjective,Polish,AdjectiveAttributiveFrame,PredSynArg,AttrSynArg,1,owl:Restriction,dbo:country,res:Poland,dbo:Film,dbo:Film,other
Polish_164,adjective,Polish,AdjectiveAttributiveFrame,PredSynArg,AttrSynArg,1,owl:Restriction,dbo:nationality,res:Poland,dbo:Film,dbo:Film,other
Portuguese_165,adjective,Portuguese,AdjectiveAttributiveFrame,PredSynArg,AttrSynArg,1,owl:Restriction,dbo:country,res:Portugal,dbo:Film,dbo:Film,other
Portuguese_166,adjective,Portuguese,AdjectiveAttributiveFrame,PredSynArg,AttrSynArg,1,owl:Restriction,dbo:nationality,res:Portugal,dbo:Film,dbo:Film,other
Romanian_167,adjective,Romanian,AdjectiveAttributiveFrame,PredSynArg,AttrSynArg,1,owl:Restriction,dbo:country,res:Romania,dbo:Film,dbo:Film,other
Romanian_168,adjective,Romanian,AdjectiveAttributiveFrame,PredSynArg,AttrSynArg,1,owl:Restriction,dbo:nationality,res:Romania,dbo:Film,dbo:Film,other
Russian_169,adjective,Russian,AdjectiveAttributiveFrame,PredSynArg,AttrSynArg,1,owl:Restriction,dbo:country,res:Russia,dbo:Film,dbo:Film,other
Russian_170,adjective,Russian,AdjectiveAttributiveFrame,PredSynArg,AttrSynArg,1,owl:Restriction,dbo:nationality,res:Russia,dbo:Film,dbo:Film,other
Saudi_171,adjective,Saudi,AdjectiveAttributiveFrame,PredSynArg,AttrSynArg,1,owl:Restriction,dbo:country,res:Saudi_Arabia,dbo:Film,dbo:Film,other
Saudi_172,adjective,Saudi,AdjectiveAttributiveFrame,PredSynArg,AttrSynArg,1,owl:Restriction,dbo:nationality,res:Saudi_Arabia,dbo:Film,dbo:Film,other
Scottish_173,adjective,Scottish,AdjectiveAttributiveFrame,PredSynArg,AttrSynArg,1,owl:Restriction,dbo:country,res:Scotland,dbo:Film,dbo:Film,other
Scottish_174,adjective,Scottish,AdjectiveAttributiveFrame,PredSynArg,AttrSynArg,1,owl:Restriction,dbo:nationality,res:Scotland,dbo:Film,dbo:Film,other
Senegalese_175,adjective,Senegalese,AdjectiveAttributiveFrame,PredSynArg,AttrSynArg,1,owl:Restriction,dbo:country,res:Senegal,dbo:Film,dbo:Film,other
Senegalese_176,adjective,Senegalese,AdjectiveAttributiveFrame,PredSynArg,AttrSynArg,1,owl:Restriction,dbo:nationality,res:Senegal,dbo:Film,dbo:Film,other
Serbian_177,adjective,Serbian,AdjectiveAttributiveFrame,PredSynArg,AttrSynArg,1,owl:Restriction,dbo:country,res:Serbia,dbo:Film,dbo:Film,other
Serbian_178,adjective,Serbian,AdjectiveAttributiveFrame,PredSynArg,AttrSynArg,1,owl:Restriction,dbo:nationality,res:Serbia,dbo:Film,dbo:Film,other
Singaporean_179,adjective,Singaporean,AdjectiveAttributiveFrame,PredSynArg,AttrSynArg,1,owl:Restriction,dbo:country,res:Singapore,dbo:Film,dbo:Film,other
Singaporean_180,adjective,Singaporean,AdjectiveAttributiveFrame,PredSynArg,AttrSynArg,1,owl:Restriction,dbo:nationality,res:Singapore,dbo:Film,dbo:Film,other
Slovak_181,adjective,Slovak,AdjectiveAttributiveFrame,PredSynArg,AttrSynArg,1,owl:Restriction,dbo:country,res:Slovakia,dbo:Film,dbo:Film,other
Slovak_182,adjective,Slovak,AdjectiveAttributiveFrame,PredSynArg,AttrSynArg,1,owl:Restriction,dbo:nationality,res:Slovakia,dbo:Film,dbo:Film,other
South-African_183,adjective,South African,AdjectiveAttributiveFrame,PredSynArg,AttrSynArg,1,owl:Restriction,dbo:country,res:South_Africa,dbo:Film,dbo:Film,other
South-African_184,adjective,South African,AdjectiveAttributiveFrame,PredSynArg,AttrSynArg,1,owl:Restriction,dbo:nationality,res:South_Africa,dbo:Film,dbo:Film,other
Korean_185,adjective,Korean,AdjectiveAttributiveFrame,PredSynArg,AttrSynArg,1,owl:Restriction,dbo:country,res:South_Korea,dbo:Film,dbo:Film,other
Korean_186,adjective,Korean,AdjectiveAttributiveFrame,PredSynArg,AttrSynArg,1,owl:Restriction,dbo:nationality,res:South_Korea,dbo:Film,dbo:Film,other
Spanish_187,adjective,Spanish,AdjectiveAttributiveFrame,PredSynArg,AttrSynArg,1,owl:Restriction,dbo:country,res:Spain,dbo:Film,dbo:Film,other
Spanish_188,adjective,Spanish,AdjectiveAttributiveFrame,PredSynArg,AttrSynArg,1,owl:Restriction,dbo:nationality,res:Spain,dbo:Film,dbo:Film,other
Sri-Lankan_189,adjective,Sri Lankan,AdjectiveAttributiveFrame,PredSynArg,AttrSynArg,1,owl:Restriction,dbo:country,res:Sri_Lanka,dbo:Film,dbo:Film,other
Sri-Lankan_190,adjective,Sri Lankan,AdjectiveAttributiveFrame,PredSynArg,AttrSynArg,1,owl:Restriction,dbo:nationality,res:Sri_Lanka,dbo:Film,dbo:Film,other
Sudanese_191,adjective,Sudanese,AdjectiveAttributiveFrame,PredSynArg,AttrSynArg,1,owl:Restriction,dbo:country,res:Sudan,dbo:Film,dbo:Film,other
Sudanese_192,adjective,Sudanese,AdjectiveAttributiveFrame,PredSynArg,AttrSynArg,1,owl:Restriction,dbo:nationality,res:Sudan,dbo:Film,dbo:Film,other
Swedish_193,adjective,Swedish,AdjectiveAttributiveFrame,PredSynArg,AttrSynArg,1,owl:Restriction,dbo:country,res:Sweden,dbo:Film,dbo:Film,other
Swedish_194,adjective,Swedish,AdjectiveAttributiveFrame,PredSynArg,AttrSynArg,1,owl:Restriction,dbo:nationality,res:Sweden,dbo:Film,dbo:Film,other
Swiss_195,adjective,Swiss,AdjectiveAttributiveFrame,PredSynArg,AttrSynArg,1,owl:Restriction,dbo:country,res:Switzerland,dbo:Film,dbo:Film,other
Swiss_196,adjective,Swiss,AdjectiveAttributiveFrame,PredSynArg,AttrSynArg,1,owl:Restriction,dbo:nationality,res:Switzerland,dbo:Film,dbo:Film,other
Syrian_197,adjective,Syrian,AdjectiveAttributiveFrame,PredSynArg,AttrSynArg,1,owl:Restriction,dbo:country,res:Syria,dbo:Film,dbo:Film,other
Syrian_198,adjective,Syrian,AdjectiveAttributiveFrame,PredSynArg,AttrSynArg,1,owl:Restriction,dbo:nationality,res:Syria,dbo:Film,dbo:Film,other
Taiwanese_199,adjective,Taiwanese,AdjectiveAttributiveFrame,PredSynArg,AttrSynArg,1,owl:Restriction,dbo:country,res:Taiwan,dbo:Film,dbo:Film,other
Taiwanese_200,adjective,Taiwanese,AdjectiveAttributiveFrame,PredSynArg,AttrSynArg,1,owl:Restriction,dbo:nationality,res:Taiwan,dbo:Film,dbo:Film,other
Tajikistani_201,adjective,Tajikistani,AdjectiveAttributiveFrame,PredSynArg,AttrSynArg,1,owl:Restriction,dbo:country,res:Tajikistan,dbo:Film,dbo:Film,other
Tajikistani_202,adjective,Tajikistani,AdjectiveAttributiveFrame,PredSynArg,AttrSynArg,1,owl:Restriction,dbo:nationality,res:Tajikistan,dbo:Film,dbo:Film,other
Thai_203,adjective,Thai,AdjectiveAttributiveFrame,PredSynArg,AttrSynArg,1,owl:Restriction,dbo:country,res:Thailand,dbo:Film,dbo:Film,other
Thai_204,adjective,Thai,AdjectiveAttributiveFrame,PredSynArg,AttrSynArg,1,owl:Restriction,dbo:nationality,res:Thailand,dbo:Film,dbo:Film,other
Tongan_205,adjective,Tongan,AdjectiveAttributiveFrame,PredSynArg,AttrSynArg,1,owl:Restriction,dbo:country,res:Tonga,dbo:Film,dbo:Film,other
Tongan_206,adjective,Tongan,AdjectiveAttributiveFrame,PredSynArg,AttrSynArg,1,owl:Restriction,dbo:nationality,res:Tonga,dbo:Film,dbo:Film,other
Tunisian_207,adjective,Tunisian,AdjectiveAttributiveFrame,PredSynArg,AttrSynArg,1,owl:Restriction,dbo:country,res:Tunisia,dbo:Film,dbo:Film,other
Tunisian_208,adjective,Tunisian,AdjectiveAttributiveFrame,PredSynArg,AttrSynArg,1,owl:Restriction,dbo:nationality,res:Tunisia,dbo:Film,dbo:Film,other
Turkish_209,adjective,Turkish,AdjectiveAttributiveFrame,PredSynArg,AttrSynArg,1,owl:Restriction,dbo:country,res:Turkey,dbo:Film,dbo:Film,other
Turkish_210,adjective,Turkish,AdjectiveAttributiveFrame,PredSynArg,AttrSynArg,1,owl:Restriction,dbo:nationality,res:Turkey,dbo:Film,dbo:Film,other
Ukrainian_211,adjective,Ukrainian,AdjectiveAttributiveFrame,PredSynArg,AttrSynArg,1,owl:Restriction,dbo:country,res:Ukraine,dbo:Film,dbo:Film,other
Ukrainian_212,adjective,Ukrainian,AdjectiveAttributiveFrame,PredSynArg,AttrSynArg,1,owl:Restriction,dbo:nationality,res:Ukraine,dbo:Film,dbo:Film,other
Emirati_213,adjective,Emirati,AdjectiveAttributiveFrame,PredSynArg,AttrSynArg,1,owl:Restriction,dbo:country,res:United_Arab_Emirates,dbo:Film,dbo:Film,other
Emirati_214,adjective,Emirati,AdjectiveAttributiveFrame,PredSynArg,AttrSynArg,1,owl:Restriction,dbo:nationality,res:United_Arab_Emirates,dbo:Film,dbo:Film,other
Uruguayan_215,adjective,Uruguayan,AdjectiveAttributiveFrame,PredSynArg,AttrSynArg,1,owl:Restriction,dbo:country,res:Uruguay,dbo:Film,dbo:Film,other
Uruguayan_216,adjective,Uruguayan,AdjectiveAttributiveFrame,PredSynArg,AttrSynArg,1,owl:Restriction,dbo:nationality,res:Uruguay,dbo:Film,dbo:Film,other
Venezuelan_217,adjective,Venezuelan,AdjectiveAttributiveFrame,PredSynArg,AttrSynArg,1,owl:Restriction,dbo:country,res:Venezuela,dbo:Film,dbo:Film,other
Venezuelan_218,adjective,Venezuelan,AdjectiveAttributiveFrame,PredSynArg,AttrSynArg,1,owl:Restriction,dbo:nationality,res:Venezuela,dbo:Film,dbo:Film,other
Vietnamese_219,adjective,Vietnamese,AdjectiveAttributiveFrame,PredSynArg,AttrSynArg,1,owl:Restriction,dbo:country,res:Vietnam,dbo:Film,dbo:Film,other
Vietnamese_220,adjective,Vietnamese,AdjectiveAttributiveFrame,PredSynArg,AttrSynArg,1,owl:Restriction,dbo:nationality,res:Vietnam,dbo:Film,dbo:Film,other
Welsh_221,adjective,Welsh,AdjectiveAttributiveFrame,PredSynArg,AttrSynArg,1,owl:Restriction,dbo:country,res:Wales,dbo:Film,dbo:Film,other
Welsh_222,adjective,Welsh,AdjectiveAttributiveFrame,PredSynArg,AttrSynArg,1,owl:Restriction,dbo:nationality,res:Wales,dbo:Film,dbo:Film,other
Zambian_223,adjective,Zambian,AdjectiveAttributiveFrame,PredSynArg,AttrSynArg,1,owl:Restriction,dbo:country,res:Zambia,dbo:Film,dbo:Film,other
Zambian_224,adjective,Zambian,AdjectiveAttributiveFrame,PredSynArg,AttrSynArg,1,owl:Restriction,dbo:nationality,res:Zambia,dbo:Film,dbo:Film,other
Zimbabwean_225,adjective,Zimbabwean,AdjectiveAttributiveFrame,PredSynArg,AttrSynArg,1,owl:Restriction,dbo:country,res:Zimbabwe,dbo:Film,dbo:Film,other
Zimbabwean_226,adjective,Zimbabwean,AdjectiveAttributiveFrame,PredSynArg,AttrSynArg,1,owl:Restriction,dbo:nationality,res:Zimbabwe,dbo:Film,dbo:Film,other
Dutch_227,adjective,Dutch,AdjectiveAttributiveFrame,PredSynArg,AttrSynArg,1,owl:Restriction,dbo:country,res:Netherlands,dbo:Film,dbo:Film,other
Dutch_228,adjective,Dutch,AdjectiveAttributiveFrame,PredSynArg,AttrSynArg,1,owl:Restriction,dbo:nationality,res:Netherlands,dbo:Film,dbo:Film,other
French_229,adjective,French,AdjectiveAttributiveFrame,PredSynArg,AttrSynArg,1,owl:Restriction,dbo:country,res:France,dbo:Film,dbo:Film,other
French_230,adjective,French,AdjectiveAttributiveFrame,PredSynArg,AttrSynArg,1,owl:Restriction,dbo:nationality,res:France,dbo:Film,dbo:Film,other
Welsh_231,adjective,Welsh,AdjectiveAttributiveFrame,PredSynArg,AttrSynArg,1,owl:Restriction,dbo:country,res:United_Kingdom,dbo:Film,dbo:Film,other
Welsh_232,adjective,Welsh,AdjectiveAttributiveFrame,PredSynArg,AttrSynArg,1,owl:Restriction,dbo:nationality,res:United_Kingdom,dbo:Film,dbo:Film,other
Spanish_233,adjective,Spanish,AdjectiveAttributiveFrame,PredSynArg,AttrSynArg,1,owl:Restriction,dbo:country,res:Argentinian,dbo:Film,dbo:Film,other
Spanish_234,adjective,Spanish,AdjectiveAttributiveFrame,PredSynArg,AttrSynArg,1,owl:Restriction,dbo:nationality,res:Argentinian,dbo:Film,dbo:Film,other
English_235,adjective,English,AdjectiveAttributiveFrame,PredSynArg,AttrSynArg,1,owl:Restriction,dbo:country,res:United_Kingdom,dbo:Film,dbo:Film,other
English_236,adjective,English,AdjectiveAttributiveFrame,PredSynArg,AttrSynArg,1,owl:Restriction,dbo:nationality,res:United_Kingdom,dbo:Film,dbo:Film,other
Irish_237,adjective,Irish,AdjectiveAttributiveFrame,PredSynArg,AttrSynArg,1,owl:Restriction,dbo:country,res:Ireland,dbo:Film,dbo:Film,other
Irish_238,adjective,Irish,AdjectiveAttributiveFrame,PredSynArg,AttrSynArg,1,owl:Restriction,dbo:nationality,res:Ireland,dbo:Film,dbo:Film,other